{
  "TARGET_DIRS": [
    "C:\\Users\\MADHURIMA\\Documents\\testtxt",
    "C:\\Users\\MADHURIMA\\Documents\\testtxt_new",
    "C:\\Users\\MADHURIMA\\Documents\\testfol",
    "C:\\Users\\MADHURIMA\\Documents\\testla",
    "C:/Users/MADHURIMA/Pictures"
  ],
  "RULES": {
    "mass_delete": {
      "count": 3,
      "interval": 2
    },
    "mass_rename": {
      "count": 3,
      "interval": 2
    },
    "mass_modification": {
      "count": 4,
      "interval": 2
    }
  },
  "ACTIONS": {
    "log_only": false,
    "kill_process": true,
    "shutdown": false,
    "dry_run": false
  },
  "saved_at": "2025-09-07 03:34:08.960703"
}